Category,Question
General Information,What are the available clinical trials for anxiety related to genetic disorders?
General Information,How do I find out if I’m eligible for a clinical trial for depression with a genetic predisposition?
General Information,Can genetic testing help diagnose my mental health condition?
General Information,What are the risks of participating in a clinical trial for mental disorders with a genetic mutation?
General Information,What genetic conditions are most commonly associated with anxiety disorders?
General Information,Can genetic testing predict the likelihood of developing PTSD?
Specific Genetic Disorders,Are there clinical trials specifically for people with Williams Syndrome and anxiety?
Specific Genetic Disorders,Can Fragile X Syndrome increase the risk of developing depression? Are there any treatments?
Specific Genetic Disorders,What resources are available for individuals with Huntington’s disease and associated mood disorders?
Specific Genetic Disorders,Are there clinical trials for OCD linked to genetic mutations?
Specific Genetic Disorders,What is the role of epigenetics in mental health disorders?
Mental Health and Genetics Interaction,Does having a parent with bipolar disorder increase my chances of developing it?
Mental Health and Genetics Interaction,How do genetic variations influence the effectiveness of antidepressants?
Mental Health and Genetics Interaction,Are there clinical trials studying schizophrenia in people with a family history of the condition?
Mental Health and Genetics Interaction,How do environmental factors interact with genetic predispositions in mental health?
Mental Health and Genetics Interaction,What genetic markers are used to study depression in clinical trials?
Mental Health and Genetics Interaction,How can I interpret the results of my genetic test in relation to mental health?
Mental Health and Genetics Interaction,Are there genetic tests available for autism spectrum disorder?
Mental Health and Genetics Interaction,What role does serotonin play in genetically linked mental disorders?
Clinical Trials,How can I get financial support for joining a clinical trial related to genetic conditions?
Clinical Trials,What happens if I develop side effects during a clinical trial for genetic-linked depression?
Clinical Trials,Are there clinical trials for children with ADHD linked to genetic factors?
Clinical Trials,Can I participate in a clinical trial if I am already on medication?
Clinical Trials,How long do clinical trials for genetic-related mental health issues usually last?
Clinical Trials,What are the common side effects of participating in genetic mental health trials?
Counseling and Self-Help,Are there online support groups for people with genetic-linked anxiety disorders?
Counseling and Self-Help,What are the benefits of genetic counseling for managing mental health conditions?
Counseling and Self-Help,Can lifestyle changes help improve mental health for people with genetic conditions?
Counseling and Self-Help,Are there any mobile apps for tracking mental health linked to genetic conditions?
Counseling and Self-Help,How do researchers use family history in genetic mental health studies?
Counseling and Self-Help,How can genetic counseling help my family understand inherited mental health risks?
Counseling and Self-Help,Are there any resources specifically for caregivers of people with genetic mental health disorders?
Ethical and Privacy Concerns,How is my genetic information protected in mental health clinical trials?
Ethical and Privacy Concerns,Will participating in a genetic study affect my health insurance coverage?
Ethical and Privacy Concerns,How is privacy ensured in genetic studies related to mental health?
Ethical and Privacy Concerns,What ethical issues should I consider before participating in genetic research?
Treatment and Outcomes,What are the latest treatments for depression caused by genetic mutations?
Treatment and Outcomes,Can gene therapy help with mental disorders? Are there any ongoing studies?
Treatment and Outcomes,Can genetic research lead to personalized treatments for anxiety?
Treatment and Outcomes,Are there any ongoing studies on gene therapy for anxiety disorders?
Treatment and Outcomes,What happens if my genetic results indicate a high risk for schizophrenia?
Treatment and Outcomes,How can genetic research benefit people with dual diagnoses of mental and physical disorders?
Treatment and Outcomes,Can mental health conditions be prevented with early genetic screening?
Other Resources,Are there any government-funded programs supporting mental health genetics research?
Other Resources,What lifestyle changes can complement genetic treatments for mental disorders?
Other Resources,How can I find a genetic counselor who specializes in mental health?
Other Resources,What is the difference between genetic predisposition and environmental factors in mental disorders?
Other Resources,Are there any community organizations supporting patients in genetic mental health trials?
Other Resources,Are there any financial aid programs for genetic testing in mental health studies?
